{"cameraMode":{"drawMode":0,"name":"Shaded","section":"Shading Mode"},"sceneLighting":true,"audioPlay":false,"sceneViewState":{"showFog":true,"showMaterialUpdate":false,"showSkybox":true,"showFlares":true,"showImageEffects":true,"showParticleSystems":true},"in2DMode":false,"pivot":{"x":21.1924991607666,"y":61.599998474121097,"z":-12.800000190734864},"rotation":{"x":0.1510191112756729,"y":-0.3327080309391022,"z":0.05405979976058006,"w":0.9292977452278137},"size":22.0,"orthographic":true}