{"cameraMode":{"drawMode":0,"name":"Shaded","section":"Shading Mode"},"sceneLighting":false,"audioPlay":false,"sceneViewState":{"showFog":true,"showMaterialUpdate":false,"showSkybox":false,"showFlares":true,"showImageEffects":true,"showParticleSystems":true},"in2DMode":false,"pivot":{"x":5.0,"y":34.79999923706055,"z":3.8999998569488527},"rotation":{"x":0.10157109797000885,"y":0.8972349762916565,"z":-0.27842968702316286,"w":0.3273093104362488},"size":28.578840255737306,"orthographic":false}