{"cameraMode":{"drawMode":0,"name":"Shaded","section":"Shading Mode"},"sceneLighting":false,"audioPlay":false,"sceneViewState":{"showFog":true,"showMaterialUpdate":false,"showSkybox":false,"showFlares":true,"showImageEffects":true,"showParticleSystems":true},"in2DMode":false,"pivot":{"x":1.3311012983322144,"y":0.8778006434440613,"z":-1.2737224102020264},"rotation":{"x":-0.572102427482605,"y":-0.20749664306640626,"z":0.7787397503852844,"w":-0.15241368114948274},"size":2.4953715801239015,"orthographic":true}