{"cameraMode":{"drawMode":0,"name":"Shaded","section":"Shading Mode"},"sceneLighting":false,"audioPlay":false,"sceneViewState":{"showFog":true,"showMaterialUpdate":false,"showSkybox":false,"showFlares":true,"showImageEffects":true,"showParticleSystems":true},"in2DMode":false,"pivot":{"x":0.32869720458984377,"y":6.531665325164795,"z":0.6261770725250244},"rotation":{"x":-0.22260509431362153,"y":0.6320070028305054,"z":-0.7158170938491821,"w":-0.1965414434671402},"size":14.63955020904541,"orthographic":true}