{"cameraMode":{"drawMode":0,"name":"Shaded","section":"Shading Mode"},"sceneLighting":true,"audioPlay":false,"sceneViewState":{"showFog":true,"showMaterialUpdate":false,"showSkybox":true,"showFlares":true,"showImageEffects":true,"showParticleSystems":true},"in2DMode":false,"pivot":{"x":35.1234130859375,"y":122.1609878540039,"z":-67.70040130615235},"rotation":{"x":0.1510191112756729,"y":-0.3327080309391022,"z":0.05405979976058006,"w":0.9292977452278137},"size":5.7157673835754398,"orthographic":true}